district,rainfall_mm,temperature_c,humidity_percent,water_stagnation_index,mosquito_breeding_sites,reported_fever_cases,population_density,malaria_cases
Bonthe,141.66840222548586,32.60416294511861,75.3637176808177,0.5,31,15,11392,31
Kambia,81.89653587374058,26.321133347775373,97.7653108860956,0.38,28,24,1572,37
Tonkolili,119.64925645161902,32.71322800104187,83.34490721730951,0.18,17,75,9316,38
Bonthe,67.3372369276782,34.97831907490256,76.94909833443585,0.64,24,98,5040,48
Kambia,126.91040405164675,32.261662672326835,70.76030914853428,0.38,13,65,5063,21
Kono,6.998389768696739,32.9353368387397,74.12837419893764,0.9,15,67,5722,21
Kenema,26.97344571313484,31.103337108082947,54.386046470042366,0.51,15,2,5103,9
Tonkolili,153.3116073478456,33.58954687479651,58.87635986861775,0.15,35,114,10576,40
Bombali,215.73199772414037,27.09050025673728,55.89067704355926,0.7,13,7,4450,30
Western Rural,195.64605010448528,32.17013461048934,64.84822547430208,0.21,12,44,3940,17
Kambia,151.3369638862558,29.32089662023022,65.83510510040497,0.09,8,9,1826,9
Port Loko,212.09650922094337,29.63796405138549,83.68338796353399,0.78,11,114,1590,46
Kenema,17.55184941188295,28.315470413026738,65.6511555817218,0.12,6,12,2513,1
Bo,66.43739395111359,27.03164446962975,62.64069141173951,0.51,40,23,2787,26
Kenema,191.9847109406227,30.503899896069612,80.79125977158611,0.14,24,118,5749,39
Bonthe,222.5661851761018,25.171660863086444,67.39481357957044,0.45,11,120,9548,31
Kenema,190.36404856412892,31.426871408709886,86.96624508024378,0.87,7,70,6987,50
Kenema,125.0545998737522,29.6109355855576,74.5679739064652,0.7,0,53,4258,40
Bonthe,156.30544372027427,31.83173152718859,87.21126490695119,0.37,25,77,5125,32
Kambia,193.74431946905352,34.35880411870106,65.51506531864091,0.4,20,88,2450,29
Bombali,169.47164102187963,34.17415345328094,64.52123247168268,0.93,7,21,5080,28
Bo,109.63297970555091,31.93699057647736,86.59409641905691,0.72,21,42,8161,47
Kenema,40.59211397314075,26.762591201555633,55.679246765836645,0.64,14,9,8452,28
Kambia,173.21265477060456,27.767599240386524,80.72328133607803,0.71,11,1,3348,29
Kambia,160.64411285925146,24.659455138677732,77.00283546931708,0.75,34,109,6405,53
Bonthe,237.28365414693658,33.44691121742549,73.44465327748247,0.25,23,64,7121,35
Kambia,10.148775743562238,26.548063003618033,91.11650480167414,0.41,0,15,5408,17
Western Rural,92.2585196420602,31.013129404788575,56.98404674325454,0.44,17,110,5577,34
Bonthe,128.5625061278026,28.528794782663045,78.95792747707645,0.5,40,44,9329,49
Bo,91.00626045531074,25.689209635153095,82.07883369454558,0.6,31,79,9573,37
Bombali,200.89869538764313,33.63377494146595,71.61498983023417,0.03,14,88,2245,20
Western Rural,132.13550839215955,34.989946358054574,66.56510170000007,0.57,28,111,2558,43
Tonkolili,241.68931207960512,29.194397803306934,84.96540503764028,0.4,2,105,3732,28
Kenema,8.999594592718928,33.807998678130964,92.15592191838581,0.86,1,12,4642,23
Western Rural,230.47786597442953,27.684302551129587,63.360759180887065,0.48,13,87,8831,20
Kono,126.79605758715218,33.51982510564285,61.69481089430629,0.33,0,85,10494,35
Bo,172.3965664867856,26.722473139384597,52.04883491684957,0.61,29,57,11114,34
Kono,206.08011931532786,33.634644404585096,96.4294976360993,0.24,22,63,8954,34
Bonthe,63.965677671590115,29.332493896698605,95.40577495682578,0.41,25,13,11810,30
Port Loko,228.13617423906285,30.55470595788583,51.36056534400404,0.96,1,2,10001,31
Bo,110.78447591881555,29.9459726194944,82.59708330979903,0.96,30,40,1300,55
Tonkolili,237.20478004694561,31.25729729913092,55.41142719673471,0.91,17,56,6011,49
Bombali,218.61733520862475,26.03558077453549,93.30521995743733,0.49,32,92,2367,47
Western Rural,119.63410695697488,24.746366995374768,83.42384686244276,0.95,18,39,1334,47
Western Urban,233.8260749823535,29.097927442446892,87.66661380617958,0.73,11,12,3212,43
Bo,220.31366453039325,34.854220915113686,63.37579971618736,0.59,27,120,5913,25
Tonkolili,104.44635694869447,26.77675024757175,61.013614637252886,0.34,38,22,2134,19
Bonthe,24.189807259019645,32.022165235697436,91.86188650328162,0.73,10,65,7976,37
Bombali,36.41283919699178,31.407279403645543,63.21807871111657,0.56,2,35,8894,25
Kambia,102.85049958579465,31.56473358628159,51.34517040974734,0.61,33,82,11095,33
Kono,42.67211740049309,34.17591228887843,77.52763646536532,0.48,4,117,6358,33
Western Rural,173.5901414108802,31.979538777516257,96.31626153514412,0.49,28,109,2094,50
Bo,72.39285332123096,26.223591076235376,89.19113313188808,0.15,15,77,8312,35
Bo,198.53624489558177,26.09735169483461,88.81873723144983,0.25,33,29,2884,37
Tonkolili,44.48204736096406,29.57880822841537,80.50509730623486,1.0,33,5,5853,27
Bo,69.28649424193966,34.846588578782274,81.10772081817663,0.4,1,73,9446,31
Bo,76.4590478393938,32.550411972800575,52.17498330451884,0.45,25,28,9626,8
Bo,5.178477741211079,24.460326428406997,69.13138957415985,0.07,33,76,8899,28
Port Loko,212.40418531255017,26.372595344526257,95.71894451895567,0.12,24,105,1344,48
Kambia,193.0672135059605,26.79361370414736,78.66872887624808,0.6,13,28,9283,31
Tonkolili,151.92195444321524,30.126445776327788,56.08953918427633,0.62,10,113,4681,24
Bonthe,118.82581164841504,29.02723164123475,70.93575355633523,0.06,12,81,9693,24
Tonkolili,57.50350311353597,24.04178021725853,96.51828360363811,0.64,11,97,10270,30
Bonthe,51.77890988466569,30.88700442365074,96.01916131970376,0.41,15,43,1124,20
Kenema,143.53684152454102,28.14446708143147,55.103850754931536,0.91,34,45,3321,37
Tonkolili,218.7749278888935,31.845237193632087,51.95260800613187,0.56,15,7,4793,22
Kono,161.1031259937226,32.138674115078395,91.64548775961636,0.57,3,112,10519,41
Kono,140.50568189738524,34.67722823053211,55.78006463781055,0.23,25,101,5463,41
Kenema,219.4843373871387,32.454936882418956,79.05920540812615,0.84,18,90,3471,46
Bonthe,42.921439089178364,34.704040831528786,72.10048662840039,0.3,17,70,4885,18
Port Loko,186.10282051848517,32.26793340335744,85.1538424059935,0.16,21,9,2715,33
Western Rural,10.98118479371929,24.9464048166269,56.16503700735696,0.8,21,65,4778,24
Kambia,67.0117058195716,24.133351341307222,92.11114404450278,0.18,4,70,4357,27
Bonthe,80.21384032622375,26.025980908197887,61.87324853494975,0.9,9,50,3499,32
Bo,196.02141136696622,34.55154488982349,86.55064685794667,0.32,4,81,1807,33
Western Rural,14.019838594393235,31.556577582469288,72.4697741655347,0.51,15,24,3985,0
Kenema,97.71905400564074,31.097799825096367,79.58752073125939,0.42,25,51,7980,46
Kambia,63.16078928691138,31.857313969825825,65.22312307118283,0.8,13,114,4900,18
Kenema,158.93757849666352,24.8560880137209,64.84266214628519,0.77,21,71,9067,48
Western Rural,148.03544870036,33.30543926737622,88.666696883649,0.26,25,32,2684,51
Kambia,40.93329174180485,26.298556897780575,86.58968117400414,0.48,22,118,11394,33
Kenema,2.7709825744144103,31.716511607414652,66.61364906787779,0.42,21,86,9073,34
Bonthe,53.124847354767,28.280589781499884,63.55564721525543,0.58,10,66,8145,15
Bonthe,135.677784316562,32.36090923497794,74.12585176499329,0.79,2,46,3592,27
Western Urban,9.076253394135703,25.126772344463337,78.60004285655151,0.34,11,28,10548,13
Tonkolili,36.51074809052182,34.57432950694102,78.27710404249673,0.13,5,76,6821,16
Bo,206.83999036897717,24.326719062328618,91.5827705904124,0.27,34,98,8423,33
Kenema,48.16335130334018,29.645253607644307,82.78292053757838,0.67,25,68,4201,37
Port Loko,183.92538985569033,30.556357770343595,77.98139466731833,0.16,10,41,11673,28
Kenema,223.85495222208723,32.89116017618065,92.00593515509152,0.36,26,38,5473,39
Western Rural,106.8107718111328,30.52627542195877,51.21744869995815,0.28,16,105,2489,31
Western Rural,148.82992944038705,31.828113907047655,54.07772577110076,0.14,8,17,11569,17
Bo,207.64149685845547,26.654253552094918,94.86554644635292,0.07,22,39,7330,33
Port Loko,34.99343394527912,25.87115027114927,50.274429245047386,0.29,32,30,3927,11
Western Urban,239.5149108411791,24.836517822456507,69.26519858180338,0.68,30,114,9136,37
Bonthe,17.74379323396366,29.850287942848098,69.6997176267053,0.27,19,21,5356,15
Port Loko,135.91915964319438,26.155406208679914,96.76092541552796,0.4,7,39,7612,41
Western Rural,25.247877645735468,34.29791771932261,71.14490867959069,0.13,22,110,11067,19
Western Urban,128.2228004817522,29.261675632523374,77.22022620717942,0.12,27,108,1240,45
Port Loko,172.16720939612938,34.4051659323075,81.41575623887027,0.4,2,82,5018,38
Bo,134.64599958346798,25.4761831970128,88.7334158168872,0.03,26,113,3039,34
Western Urban,129.88560227907638,24.543584047241126,70.45238518928939,0.79,24,35,3122,38
Western Rural,194.83654156295714,31.73544616161978,52.75070699505624,0.68,2,12,6704,25
Western Rural,95.2143544139177,24.25763710728566,73.0832483339377,0.57,32,65,8998,28
Port Loko,225.32376461087784,33.05878606998289,92.35853975066436,0.37,24,49,7415,49
Tonkolili,86.71187929266908,34.45284388637043,89.6494251332742,0.5,18,7,10970,38
Western Urban,8.715383918819153,34.70580572847911,74.13828918176561,0.27,10,89,3004,8
Western Urban,12.984240530367591,29.892757107062323,64.87415530264299,1.0,35,26,11224,35
Tonkolili,102.70578475311964,28.477649216131418,91.81858719689151,0.35,20,15,2685,24
Bo,88.03758948151614,25.448059379460325,95.11685115324397,0.07,3,29,4473,22
Kono,157.97711705189803,26.23775061264967,96.87863552974832,0.3,12,0,5130,36
Kono,173.62662892946153,32.30330546558447,63.174634302198115,0.85,16,100,6984,50
Bo,151.89271131082768,28.6001761392462,54.724914166305496,0.97,14,30,6930,19
Bombali,217.56544070119793,24.353348542715516,56.47288196016941,0.99,17,38,9636,39
Tonkolili,74.17503456270296,25.855563261564935,96.03122236613021,0.65,8,62,5537,43
Western Rural,99.3860316538618,26.819241346013857,71.44238126054694,0.7,30,68,1167,47
Tonkolili,233.67669319607418,30.055764262676853,70.9651006185851,0.65,26,69,1511,45
Bo,179.4125714344539,28.48353878266548,77.14409202775715,0.79,4,5,2543,43
Kono,189.61630164613533,26.98501832533788,72.5807738096938,0.75,6,29,9760,28
Kenema,21.16433376181262,32.237103671898666,91.72334606485526,0.47,12,69,5934,32
Bonthe,98.00769880889382,26.144872424853553,73.40995401875207,0.42,21,22,6253,36
Bombali,102.62729352503433,32.0820217165802,55.972299220484224,0.68,9,105,5695,36
Kono,101.67976460668044,33.69322787993074,63.30509847975969,0.4,0,46,2763,31
Bombali,92.17297190477194,33.800029913401396,87.27393048913007,0.06,2,95,11466,25
Bonthe,163.5269303590762,29.020959214787013,67.31340700063896,0.08,3,27,5789,15
Port Loko,68.85575923141093,32.26663101390253,67.99565952982269,0.88,30,47,9252,25
Bo,78.38655272362361,32.62817456472508,85.78647683604747,0.95,4,52,7603,36
Kono,43.47945031844444,31.664452074775188,51.96499338775703,0.97,25,11,6297,34
Western Rural,108.11277163860741,33.067055187972294,81.32480916676539,0.03,22,112,3176,34
Kenema,187.74012108425057,31.8448521994096,72.47251634338468,0.52,8,9,5458,25
Bombali,228.95110849386094,27.509786973687074,52.81175202963871,0.59,9,31,2278,29
Port Loko,149.94449756158951,33.74894882591447,65.91248610487742,0.12,15,11,5899,10
Kono,246.59289703915212,30.94943894068785,64.98313388673941,0.79,28,30,3671,35
Kambia,16.178442466010605,27.15996637908343,57.758805025190014,0.57,34,6,6347,27
Kono,81.38738148265226,31.32680382896144,75.50866468772594,0.49,16,35,1191,39
Tonkolili,195.2201588148331,29.49334376337914,68.94257373271878,0.82,31,64,10835,41
Western Urban,32.8552751512641,24.34154887219563,79.61968361544956,0.58,18,89,11695,28
Western Rural,221.79130513717342,34.46784545939815,85.59376736769202,0.91,33,50,9366,59
Kambia,28.43942693111859,31.607997416674756,78.12242367253953,0.72,34,73,2000,48
Kono,43.16909400158528,27.986408443148665,91.16609216176434,0.32,14,19,1727,10
Port Loko,183.74343923122336,33.791812133784276,90.14069020954835,0.19,29,57,5279,36
Bo,191.89592991433918,33.87966194793637,57.593064614317086,0.7,0,34,11047,35
Kono,41.915051614835996,25.13097049275023,71.66400135944977,0.86,1,89,7643,24
Kenema,20.331954411195923,26.356478743875762,93.62497698192027,0.21,2,84,1441,29
Bombali,178.89206043086438,29.785945746334598,71.19069844656279,0.93,22,1,9689,28
Bombali,92.46569834625534,29.75328793467283,89.66345197472393,0.3,7,14,5157,16
Kenema,20.91832742191019,33.01623179352335,61.572598746837315,0.04,4,55,6501,19
Kambia,66.50415882613608,32.90264103004056,61.135443316788624,0.14,19,116,7362,31
Bombali,65.39862788785916,25.860427342427734,81.79938950465349,0.15,30,24,10005,20
Kambia,174.69771039896085,30.797523688484787,87.35172912774233,0.36,29,105,8124,52
Kenema,48.66586556869137,28.672921399484128,54.28081233112979,0.64,35,119,2673,29
Kambia,175.89312875701893,24.681282304039723,61.88047672328318,0.12,40,54,1446,40
Kono,174.86537161581106,29.01899182889457,72.13994839150563,0.9,31,40,9912,33
Western Rural,226.02364592500018,29.41095817020052,73.26151627233408,0.47,34,76,9665,24
Kono,31.126438850278827,30.264320110728708,96.33062235817685,0.73,23,101,2549,37
Bo,87.2292307915348,27.555670531149815,58.82102421618332,1.0,34,32,11333,36
Kambia,96.37691476019306,32.52257422785799,72.74077498031241,0.69,29,16,5501,40
Bombali,25.769520791578433,30.96041444333466,57.6203575883953,0.81,17,69,2283,24
Kambia,205.37931049441576,34.829761776236914,79.89566460574272,0.71,7,3,4646,25
Bo,86.23901678713877,30.448358159519874,77.2664737776054,0.41,39,0,8729,40
Kenema,173.70623657861825,30.567070942483028,52.98884110530559,0.95,4,57,4488,24
Tonkolili,8.867259192116366,25.311989196919875,80.55613651102855,0.92,6,117,7580,42
Western Urban,81.22937431561571,25.775760540920874,68.65043872104357,0.85,1,104,1618,42
Kenema,81.48169282281528,27.285846225525006,70.0896364490338,0.94,13,56,7145,42
Kono,139.11017576658327,25.457521292757498,63.395750302197484,0.13,1,78,8666,35
Port Loko,171.57555588382246,24.51868791048549,67.22447681419384,0.94,29,109,2553,38
Western Rural,2.8705102463860435,30.488211803250632,66.36603108574354,0.48,3,100,11084,27
Western Rural,178.2308583207555,31.77355402511376,62.22170527427615,0.98,9,104,10819,24
Kenema,18.340354579272798,29.413280947779928,61.692158033820306,0.32,3,24,2879,18
Kambia,121.41699286729468,34.16067067960855,51.381506193078906,0.88,28,4,8413,40
Bonthe,101.78724193229691,34.42061989573373,86.97002272605718,0.22,4,18,9535,24
Kono,249.94073826446305,30.307630614619804,58.54130744189287,0.13,19,14,1781,22
Tonkolili,136.09035578143687,30.94673632868024,55.84512644082122,1.0,19,1,5516,43
Kambia,47.575716012287025,32.40969172397087,74.07628682399734,0.49,24,103,4814,26
Western Rural,234.11185348553641,32.69713831059107,77.8565627806775,0.17,23,114,11432,47
Tonkolili,79.20722531425997,30.69105141398814,56.42358452165275,0.21,10,12,7633,10
Bo,185.4475195537075,25.747638568868666,66.91808057618844,0.15,14,63,1943,29
Bombali,46.91746123931198,27.21506667697069,89.39602041224833,0.79,40,109,3438,40
Tonkolili,20.46616202748644,24.16031302378058,69.16511300171774,0.43,23,33,1494,27
Tonkolili,213.9588756682893,32.86341055550349,78.62935012816736,0.17,36,16,8372,35
Port Loko,73.52075948453881,34.06339107244605,52.22390496910629,0.07,1,89,4642,12
Bo,140.8083739015931,29.57039703713276,60.54529234508586,0.28,34,76,8435,44
Port Loko,43.091373742318694,32.64564628375947,61.180499200259405,0.91,31,119,9850,24
Kono,198.47084101701233,25.622823692562392,67.57601389277737,0.35,36,13,11737,36
Bonthe,188.4281998992731,24.605344688802045,54.915724094164304,0.94,5,50,9441,43
Western Rural,91.92739028079369,31.493745986977977,78.70405703995026,0.24,0,108,8985,41
Tonkolili,130.66227701640435,27.501184814814653,51.9468662930496,0.43,26,62,8650,39
Kenema,232.12680106842578,31.762016720861055,67.7531292166692,0.38,19,36,5919,43
Bombali,136.06970338151737,34.67474169500944,70.2993870164084,0.53,39,108,9856,30
Kono,25.394051687797432,27.432311086073312,91.78221936892523,0.21,13,19,4704,27
Port Loko,201.19534364396435,30.298495055931724,61.29577584206171,0.58,28,75,8844,39
Kenema,76.82105675683584,33.61946012044801,94.8531937280573,0.55,29,5,5692,36
Tonkolili,44.93454073323247,29.57143268371715,59.76940052899846,0.69,15,30,9327,18
Kono,185.42042763716452,32.94425982512524,82.20611129183331,0.39,23,39,10735,51
Port Loko,220.12483315090864,28.02350841118956,81.24684553848802,0.51,29,85,3210,52
Western Rural,26.911031856148128,26.627100250794253,96.18613170315504,0.39,2,41,5474,32
Kambia,138.26356431254348,26.38492437860678,76.73140264195663,0.75,39,42,1539,42
Bombali,217.9825246223106,30.632956053269044,60.4189092908243,0.39,36,29,6459,30
Western Urban,188.02061518719563,33.06350634537957,82.66355562041255,0.14,1,96,4506,39
Port Loko,31.014291277280115,32.09648439501959,95.5385311105303,0.71,40,116,2694,42
Port Loko,166.53950162228026,27.304099955192658,84.56323629951318,0.59,33,93,5784,47
Port Loko,247.24370293410558,34.408280984179534,50.91051204194024,0.17,22,15,6878,24
Tonkolili,14.431861967163728,28.763553694727747,97.98554239755137,0.11,39,27,4592,28
Kenema,23.137151389269167,33.00672723803616,64.48241524550112,0.42,0,119,9099,9
Port Loko,153.11064669273964,32.44271350395809,57.646370647367796,0.35,18,22,5794,30
Western Rural,196.7208965156703,26.546787084701492,96.94820483377727,0.72,14,28,6844,30
Port Loko,7.363567838764823,33.73107451530052,53.887753597946634,0.51,9,0,9425,1
Bombali,6.956108942386491,33.488834278330366,56.157850416745134,0.04,25,59,7531,27
Port Loko,222.2384285455353,26.40370091332669,59.13906221105118,0.99,8,68,7771,27
Tonkolili,112.15193919133573,33.35102742982823,66.7904788510734,0.4,17,35,7287,35
Bombali,115.80789525709207,29.040284561564025,90.38528989697275,0.16,34,59,1879,42
Western Rural,168.34649256166554,29.543224520308005,68.05400400688747,0.68,1,20,11618,29
Bo,129.88064064333986,34.184677690128524,61.04245247475327,0.66,40,54,9437,40
Western Rural,218.25795879289026,24.978331988377743,91.8910646278812,0.41,34,83,7090,41
Kambia,155.68642785538034,31.40683416523312,63.451819537286056,0.08,7,106,11083,30
Tonkolili,87.63003977195552,29.717319292609417,93.21862006929132,0.54,6,74,3382,44
Western Rural,1.1161098880997644,24.24577734209927,72.39932085780055,0.03,7,81,8439,21
Western Rural,105.57487962286393,26.538032768951357,85.31226324414001,0.84,27,44,6474,41
Bonthe,249.34088580830303,24.791349806670972,67.20256633810422,0.0,36,34,3729,33
Port Loko,15.208412680046552,32.9730938126351,84.34402459862682,0.58,0,23,2169,17
Western Rural,8.103796135520176,25.374597775786327,87.54522687146996,0.1,30,38,7827,35
Kenema,179.99558018491106,32.288687902368984,52.02855232497935,0.8,17,25,4857,36
Bonthe,160.1648995284679,24.753884970016205,87.1313898149391,0.82,6,105,4595,46
Kambia,233.54224271338074,24.255632951407804,76.53330364287906,0.3,32,56,11662,42
Western Urban,107.5540031073495,28.302758006279745,51.020268106004586,0.42,4,67,6885,34
Western Rural,237.98528366128545,24.70707306058008,88.90131784741186,0.85,38,27,2020,34
Tonkolili,102.55328993421658,27.283623914843,68.32330103395624,0.13,0,22,6563,28
Kono,143.9888057336289,32.307055184365396,85.24663975954608,0.21,29,73,10823,46
Kono,187.05514044405453,30.82470618857344,59.741847981688814,0.4,22,104,1263,28
Western Rural,51.700182279380144,30.07590635329379,51.21179648955841,0.76,3,99,7407,31
Bombali,50.458588952683016,31.412003088550197,51.64377317423815,0.04,25,40,9135,29
Bombali,214.65106372191593,31.516167578203635,89.71689628319814,0.26,25,19,2245,37
Western Urban,58.91147352348741,34.727584538337425,96.8027686332278,0.62,7,100,9570,41
Kono,79.73797974192989,26.044811145904433,57.800694234338565,0.32,7,57,2818,24
Western Rural,150.13240088265354,24.398138414406958,76.89492119504214,0.27,6,106,4566,26
Port Loko,113.25361088563815,27.43588651784872,91.43999868622691,0.47,20,74,5371,38
Bombali,221.30528641374414,33.0468631846784,68.9031631579416,0.22,39,60,3686,33
Kambia,127.71928695994939,28.47735857114131,89.54395924337021,0.24,34,25,6988,27
Kenema,96.98502866990155,33.191338214022046,64.11574931246966,0.72,19,21,9315,32
Bonthe,219.67319024676158,26.719523987561956,95.53931367643065,0.1,3,117,1401,33
Kono,154.5015598020412,30.308802032563516,79.12986023780459,0.09,18,64,5926,47
Western Rural,54.40624578392816,32.42531381964716,61.94436857490649,0.85,17,115,7950,30
Bombali,235.99020414082926,28.354702156984537,97.41881410883558,0.41,30,97,4306,43
Western Rural,63.47445359368112,24.490511949224892,96.66917265523952,0.29,15,111,7150,19
Kono,50.032925602494394,30.18310132372561,61.82191803437304,0.81,2,64,1544,22
Western Rural,129.53163330610138,24.155665998736396,53.40122880807529,0.65,5,17,9393,27
Bombali,241.59776764828345,24.096030644400603,70.12583391971728,0.02,22,41,8412,31
Port Loko,49.97663322262938,31.42124921598277,88.68494638763298,0.19,33,32,4147,39
Bonthe,187.15989351364993,28.190923424831325,78.8712388126306,0.54,25,61,7835,38
Kambia,72.81257957306717,33.43655489067794,88.34812007405975,0.46,18,2,2570,19
Western Urban,146.27678561322915,33.8545318585555,86.94638797115094,0.21,8,2,8513,29
Bonthe,179.24144521977377,28.430260302460855,72.5412129438894,0.4,40,67,2248,33
Tonkolili,239.92880342482232,33.08747803430276,83.4806363682867,0.43,40,68,2949,37
Bo,59.11689191497821,29.996653320900116,64.83774516270401,0.64,31,69,11643,24
Bombali,200.6951830899252,26.28746856891962,82.11461472431738,0.47,40,35,5850,43
Port Loko,86.11896481710014,32.44680022519576,68.71826574516986,0.48,30,101,11542,39
Kono,38.56227124446199,34.12697707631027,88.31267459756461,0.79,26,18,1006,33
Tonkolili,30.500305527674605,25.334465140302726,80.35605985763593,0.3,4,49,3912,31
Tonkolili,242.74186119372072,28.831629451520843,76.29020787270878,0.41,2,85,8525,31
Kambia,65.65611876204119,34.52222523506057,90.07275521909072,0.95,35,32,7009,37
Bo,87.53379400016168,25.87488597159101,78.28130972643777,0.3,3,43,8405,35
Western Rural,16.26375957817444,34.98830936842947,72.57900592436042,0.43,34,49,7260,30
Bo,167.98862149089248,24.965087089754547,79.11879144282508,0.25,12,9,7501,18
Bombali,197.4014142876265,27.071227348512366,85.67749307899697,0.03,38,28,6350,41
Kenema,216.0577819806135,31.767345700351342,51.89310612873074,0.52,38,15,6759,29
Bo,134.31752001510768,31.91484041594076,85.75250055853476,0.75,9,37,9253,36
Kono,229.57406839184267,26.137536343832256,70.92016305213643,0.66,20,90,2919,50
Western Urban,27.051450031560258,27.505819978586196,60.84480184989816,0.66,21,40,9619,35
Kenema,57.87130285496719,24.697784492106784,60.09636719308086,0.3,37,25,10032,25
Western Urban,197.15190558006424,25.18598448579573,80.35691998371598,0.98,0,6,10183,37
Port Loko,192.71316299833924,30.378101526305052,72.9127654746197,0.62,33,83,7474,32
Kambia,204.44500507418397,26.553674347896663,81.61407318065676,0.9,26,57,3714,60
Western Urban,110.62490090070773,34.894435859251175,67.85841380609361,0.03,34,1,7392,31
Bo,139.77633376244688,29.899304827343798,92.50516085917194,0.99,16,45,8584,43
Kenema,173.766733830067,29.32540813529061,89.07054199736265,0.52,29,25,7630,39
Tonkolili,184.86110016516542,26.135827921740656,80.61375013885018,0.37,29,93,8630,51
Kenema,104.06986682581399,28.859189033948326,76.31205280250283,0.14,11,13,7008,31
Western Urban,119.58883836239525,26.96955019766031,84.40899880629692,0.37,20,18,4978,37
Western Urban,11.937518514815505,30.88625025314617,67.32600090716221,0.01,21,35,11439,16
Kambia,227.9697238865596,28.618866126024912,92.62439021766167,0.6,15,31,2977,44
Tonkolili,130.07703221847817,28.480314128157524,77.9106362478764,0.81,12,91,11323,35
Bonthe,135.01900303696874,25.549931149728295,57.56468202155678,0.43,13,16,7130,27
Kono,68.17311513208548,25.489515952922083,50.00323133241358,0.28,39,53,7184,24
Western Urban,67.80147011581076,30.94740919190923,80.4909327309366,0.72,23,60,8601,52
Western Rural,54.28380345570527,34.878727361216725,54.39508454258889,0.43,4,32,1260,23
Western Urban,36.71961495262935,27.23317549272303,81.4267416318105,0.88,0,49,4557,34
Kambia,171.36126495957706,31.527286690805013,95.81272460970095,0.18,39,107,11303,45
Bonthe,18.514436463535123,31.270883218250614,63.87877234495232,0.25,32,15,6015,13
Bo,236.77230102826306,26.26316755966622,93.28179439134115,0.56,18,25,9688,30
Port Loko,48.85218164141803,29.316549704454715,87.9874234794357,0.04,10,9,9997,20
Western Rural,129.03875617166125,27.633494128393064,61.52718548727433,0.86,35,17,1939,27
Bombali,175.83987127725845,32.612169731039735,96.90438121252909,0.19,2,101,6116,25
Western Rural,72.00759117517983,32.46085281910918,76.29858846953474,0.43,13,50,5939,21
Tonkolili,126.76063704929751,25.38764842826414,72.644546394417,0.63,31,55,1966,34
Kenema,78.8139858069288,26.03487857651648,73.39196592847625,0.47,20,60,11605,18
Kenema,182.33608753208853,28.876308486770416,84.08577935028548,0.96,30,23,11199,48
Port Loko,19.307074165654914,30.61767466857874,52.68748652241275,0.21,37,8,1650,21
Bombali,180.86387544309156,29.116424235395513,94.47690943746501,0.82,3,15,9885,24
Western Urban,100.70769067772447,26.035721827721495,78.81955761134742,0.39,1,56,9094,35
Western Urban,156.6782497566452,28.59640440620685,92.5717977769632,0.2,11,69,2670,30
Tonkolili,85.4587104971658,30.59507375813041,92.36158888717222,0.21,27,53,2986,49
Kono,180.0086965607415,27.952715571673885,55.36706319329198,0.16,14,108,7913,26
Bombali,228.66910780428108,28.61329772659617,87.2462580281513,0.67,8,19,11794,42
Bonthe,126.11286238406281,32.027997108729394,79.92232246320603,0.62,4,87,2497,43
Bonthe,188.33911505379163,31.118801795601687,92.66303827770777,0.29,35,112,1536,43
Bonthe,37.45810121651203,25.333740171001487,70.11415887616542,0.44,7,101,11122,22
Bonthe,20.740636185980765,24.48350847309084,69.11030817700356,0.77,5,68,4063,30
Western Rural,229.8966550483834,34.86879237774407,81.98691836376396,0.52,13,28,11548,19
Bo,97.47765008113096,28.097601398320514,54.318595153375945,0.75,4,42,2411,31
Tonkolili,226.5718364197206,27.46686045718254,56.31814185054472,0.28,16,40,6674,32
Port Loko,65.98343300163107,32.30207896199177,90.0895701274555,0.7,15,78,3212,34
Kono,65.12626904337596,27.075391512867505,76.24036097261444,0.15,40,57,10410,29
Tonkolili,53.57599966231219,24.895089980639902,70.01138450185275,0.28,7,25,6444,11
Bombali,20.834514011384254,27.73310336247317,65.87687492346717,0.46,5,106,1312,18
Bonthe,225.87671424817964,28.40388306808822,58.276761981192024,0.18,25,68,2747,24
Kenema,73.46453844939424,34.63874384103258,78.23088475162551,0.97,6,22,6271,30
Bo,87.25132854099155,34.70003655643907,90.50062267668685,0.42,3,46,8816,28
Kono,29.169572471252263,24.2547309445076,72.02165648348574,0.06,28,52,4122,23
Kenema,136.41411098003385,29.2403314429306,51.41715160229098,0.23,21,41,8349,41
Kono,73.90122732631932,30.428051761944552,57.96991240800254,0.12,31,112,4552,22
Kenema,22.894377467260806,30.836563697540782,85.57390271529113,0.08,12,61,1928,33
Bo,229.36964897457273,25.733514633632414,71.08563087324109,0.81,32,39,8308,34
Western Rural,112.46674877033821,28.628003898895248,62.50210363626338,0.8,33,72,5654,46
Tonkolili,13.74902689689117,31.780498550948845,82.03973391147578,0.21,5,53,3471,27
Kenema,66.3921352412589,33.300196799406756,54.094765592857534,0.58,28,58,5812,31
Western Urban,60.32322154755543,30.949275225902724,63.082930718254566,0.49,27,104,5920,31
Kenema,183.0724603515496,25.2975775903964,71.08594002014878,0.77,28,92,2160,41
Port Loko,138.17107905303803,31.493586558018645,80.34336020308348,0.48,15,101,2392,34
Kenema,137.97007789531096,34.702001403188305,56.72251132419384,0.15,4,119,7780,24
Western Urban,210.84229437860373,34.4578725177924,88.27285811995947,0.68,15,70,2323,40
Bonthe,77.72830871838576,26.756849838176354,97.77505591668545,0.95,22,94,1276,48
Bombali,111.31740314462552,31.96329276428321,75.95232187056186,0.47,2,35,9621,26
Kenema,41.00307891050986,32.50165798457654,77.51377642586661,0.26,17,4,5235,20
Bombali,65.93796816011915,33.9245995051458,76.715556454822,0.7,9,31,3431,39
Port Loko,198.97802506591347,30.529806968217933,50.07923211502552,0.24,15,11,11128,8
Bombali,14.022720859875992,28.91163999095091,93.0582053009222,0.74,6,17,6921,24
Kambia,51.20519655300518,30.314139544309185,88.1458161014088,0.21,33,25,1975,21
Kambia,32.72898099959548,25.39016166453331,65.65990636510175,0.79,25,20,9479,30
Bonthe,46.027286554013166,25.913750228707773,56.04405828923637,0.61,32,104,9258,31
Kenema,122.14176868414933,27.093813152656885,75.69614329421424,0.67,1,69,10940,47
Kenema,6.931425785090456,31.68521874425236,50.94367251227962,0.41,27,88,3969,24
Bonthe,227.8937313501494,27.457335212383768,59.14029795876496,0.39,2,28,10690,13
Kono,183.04880634652775,32.172777029175315,82.03530637944337,0.19,6,86,6640,25
Western Urban,207.46906543460634,28.003765134506416,53.68438118271301,0.73,34,106,10245,34
Kono,186.39104863198793,27.888117678239563,88.28407352509623,0.02,27,18,7198,44
Kono,136.31487598358441,24.44202646235857,65.1264197548313,0.35,26,104,10103,33
Tonkolili,244.61671610914223,28.260539587034888,71.64582604434507,0.78,34,84,8414,48
Kono,155.3098856026038,32.72992175070097,95.58285917222193,0.5,22,23,3494,41
Bombali,199.90803908588262,25.537043766899945,77.89111386834837,0.78,10,7,8204,31
Tonkolili,4.652169817789542,32.17460068914009,74.77321204319749,0.7,20,24,8435,28
Kambia,239.91800629476143,34.3338159021977,72.28076015970498,0.58,17,13,2823,33
Kono,91.22470248312925,27.450841998887327,82.89455546905607,0.84,33,67,5894,58
Tonkolili,203.8149544279556,33.90915016248164,62.76220784015199,0.51,10,19,7305,18
Bonthe,32.46574168204516,30.171438227826012,52.91968946287891,0.83,33,40,5757,28
Bombali,236.70091475990185,28.40120182534523,90.78474053810017,0.52,27,110,1276,46
Bombali,100.09288075315368,26.05795917174185,50.5276543685848,0.38,25,34,11876,27
Western Urban,206.38925845096577,31.34696788211823,78.1881790408676,0.32,9,43,5890,41
Kenema,9.240870125332007,32.484927857826975,64.13498317659122,0.71,12,100,4928,28
Kenema,68.64196782489678,27.57144822972161,58.53730201448258,0.49,6,116,9066,18
Bo,6.8884486436497365,33.206028285754634,95.3007525280596,0.52,39,74,9885,44
Port Loko,12.24249466471672,24.400267824800785,80.51475636753459,0.48,19,51,6969,38
Port Loko,244.53565910353967,25.723680984189503,95.86453040796798,0.43,40,33,1639,36
Kono,27.868126002029705,31.81072838730685,52.049570714555706,0.45,35,8,10941,21
Western Urban,178.324979941067,28.77120769332548,58.825004588504,0.82,3,25,6132,22
Western Urban,39.75344431064834,32.693564541215004,90.37077040431129,0.48,29,17,10082,28
Western Rural,201.37134623588375,34.77570681018683,94.24427212702125,0.64,39,7,1517,42
Kenema,18.979098592390137,33.35574175887045,76.21585380704323,0.88,37,56,5133,46
Western Rural,231.01713452143989,26.89374874999788,89.35924104171346,0.8,36,44,7511,55
Port Loko,31.193993287059296,33.74309991403168,93.68718445428918,0.88,37,93,8960,40
Bo,161.54466698994094,33.156975794040676,86.80380103057693,1.0,35,61,9093,57
Bombali,226.84854430633655,29.811111925742708,68.98361502635831,0.3,11,101,6096,21
Bombali,64.51845479582575,33.152785407834564,65.77209193512817,0.35,26,26,10974,16
Western Rural,222.03963646912118,28.420506899634056,85.69332142113105,0.47,24,3,9606,30
Tonkolili,102.9582003076285,25.35125293913607,76.26238107055983,0.56,21,22,7380,35
Bombali,51.579701868062436,34.17701786540188,74.28401146733114,0.8,20,9,10314,35
Kambia,65.61134806431227,29.54864379244336,75.90517449840537,0.85,7,84,8109,29
Western Urban,56.086965709913976,29.49713091030101,94.33470126247033,0.55,8,91,7047,22
Bo,188.62769041265153,32.93570074696784,69.76340731246947,0.46,11,111,7497,36
Kenema,51.36081528440542,24.232560748534937,66.95448112867084,0.96,9,80,4485,27
Tonkolili,208.55406394673045,28.832892884442018,79.21326038159296,0.22,23,12,7604,29
Kambia,38.99289061018216,27.602653910090034,74.90782101956431,0.08,40,4,11329,26
Western Rural,45.56729439206403,29.653303363596432,50.14112782715398,0.98,26,43,3178,27
Western Rural,126.17017588225019,26.05435091290681,54.52411488948023,0.98,39,2,1162,30
Bonthe,94.21991667996679,33.16732681676896,52.13993131709893,0.8,11,19,3708,22
Tonkolili,84.88705689515888,33.95943818648441,50.45171792477285,0.71,30,33,2131,35
Western Rural,238.61717579742702,25.73017233543597,87.73407144653368,0.54,6,23,7962,16
Port Loko,183.44542229443476,25.38097697280006,81.88412616375216,0.84,0,102,1220,43
Port Loko,73.28936845962136,28.30085455776854,91.94711314532722,0.27,25,87,11306,43
Western Rural,189.39902680399513,26.298804013725086,55.6328882706937,0.77,10,33,10862,26
Western Rural,201.02046640558578,24.682331483887236,58.29075893203442,0.62,28,49,1284,47
Bonthe,40.0436336506971,25.199045738402734,64.3462981879157,0.4,15,115,10654,12
Port Loko,11.283087139100505,29.217814702037,95.65053892234431,0.28,18,49,4484,26
Kenema,235.28768575854994,34.80662873515524,57.79270844227165,0.21,36,31,1313,26
Port Loko,234.7237843849261,33.28053134693937,57.82719908186701,0.24,31,42,7437,39
Western Rural,146.1148718636471,29.86016444833295,84.77256998518138,0.06,0,66,5666,36
Bo,149.71163076649754,27.74936775633071,83.09780474902817,0.05,34,80,7055,40
Kambia,233.8099447088291,34.842802403015746,53.36101414556663,0.21,32,120,1347,30
Kono,141.97643018364104,34.47253123074747,75.34177231482772,0.48,18,29,3694,44
Bo,106.3771369576105,28.488297573884694,94.54214125640382,0.22,39,36,11402,46
Kono,92.3595378929937,29.581791688099226,62.49834591629142,0.64,19,16,2253,35
Western Rural,165.1667299395857,28.37789284542226,75.51824412282275,0.64,14,42,8412,49
Kambia,56.87124694082141,29.1067659094254,54.830546894016294,0.14,37,88,5039,35
Kenema,202.23683095447538,31.305012142343635,66.6619191152489,0.4,24,20,11442,21
Western Rural,109.66265636009676,26.542809375171764,53.112985413096666,0.14,20,37,11263,38
Kono,130.84065112555922,28.928950898328893,70.3711540353764,0.56,7,66,2933,26
Kenema,37.53864306801291,34.30972296084978,52.465186294951145,0.6,15,74,8409,11
Bo,240.67109269236505,24.353234832707052,73.25045279027539,0.24,21,119,4177,28
Port Loko,105.63133929640233,29.387676933834967,53.713746477090424,0.0,28,32,11784,44
Western Rural,239.9466334260181,24.294812060458785,52.27368520799965,0.97,39,3,6756,24
Kambia,112.69169663406598,29.64291941937424,63.71013437238244,0.73,26,96,5649,42
Bombali,204.72576667323295,34.97200374771881,60.2164294513709,0.34,0,57,4209,29
Bombali,51.41249146792362,30.147589740415466,97.69256507478285,0.58,6,56,1061,21
Kambia,176.03901199781942,29.08179197291316,65.18837107372653,0.65,4,118,10164,29
Tonkolili,153.91258175183384,25.459465936547886,73.26410430518884,0.14,22,96,5111,24
Kono,127.37136158613727,25.680907438617425,71.2061956957999,0.37,17,17,11927,27
Western Rural,51.20137751819864,33.77595283765029,88.11078472747118,0.92,39,118,7091,37
Western Urban,138.73172361490887,24.739365137065594,86.03717852047473,0.28,17,19,9421,38
Kono,94.28867005062105,27.931902166145036,89.16096503308162,0.64,28,26,8800,36
Port Loko,25.450844705697058,27.21774160184968,75.70559904818292,0.58,27,66,4453,39
Bo,125.54309452714563,24.8618017539462,52.88602954397735,0.23,25,38,2210,38
Western Rural,99.14421703644975,24.454735324913944,60.49805104936213,0.61,7,56,8292,44
Bo,39.38476214301123,24.674352839274224,59.19237986565876,0.74,16,15,10799,31
Kono,192.4141144830421,33.33255541596777,74.48209483701754,0.8,4,67,4417,43
Kenema,162.59395841171357,24.625934979636376,68.42374951015225,0.63,17,115,6316,37
Kono,172.05964684284675,29.050086706674527,59.52853771015683,0.15,10,24,9775,9
Western Urban,66.28033766870237,27.05072516022697,55.1350316825734,1.0,12,59,5403,19
Bo,145.31925659441538,32.47195003186884,61.5319092330291,0.93,28,17,8467,38
Kono,116.66198745461145,27.931623029693938,66.77349691561372,0.26,4,21,8949,12
Kono,73.59139081281221,24.789938323881668,70.68937256313703,0.17,21,99,6298,17
Kambia,203.85673520401173,32.95089136919013,84.56522922663734,0.63,21,0,4840,32
Bonthe,160.46231415718358,31.909390791395687,79.49609962046097,0.98,9,56,2176,40
Tonkolili,49.54346341940721,30.19836667267912,57.523289835700766,0.56,16,58,1549,22
Bonthe,132.2154213492672,30.993559757287485,53.5748184701998,0.75,33,46,11488,49
Kono,242.47826147521053,31.466784429895682,63.46259325956112,0.91,29,88,3957,43
Western Urban,16.873462332856526,25.648613203466496,72.63748475629144,0.08,21,114,7240,35
Tonkolili,244.87768947453318,28.16268540239284,65.38172130017847,0.47,7,74,10633,20
Port Loko,77.19002109858094,29.426214481708925,93.15536003736278,0.35,34,7,2310,33
Kenema,135.46651009798444,30.940504592608217,74.06717317869474,0.79,30,49,8865,45
Western Rural,59.13141690025217,24.645300794518068,76.8933316005949,0.79,17,102,10904,32
Bombali,34.56056361789287,26.72000907238799,57.65456931373757,1.0,37,30,4625,22
Kono,191.84436092316685,34.889816854248615,95.80224467633133,0.07,9,119,1289,44
Bo,194.1494937101242,25.487190269564618,94.7964967463561,0.1,5,89,7432,31
Bombali,214.6967996278029,30.331236423258098,74.6405006919265,0.51,18,98,10671,41
Bonthe,132.6080276097789,29.592083797225815,69.58649521012754,0.62,23,74,11562,48
Tonkolili,14.00595842921587,31.56985064661973,87.67008020779073,0.69,18,95,11173,32
Bonthe,44.49262029785017,24.025920810660875,52.78430038665692,0.39,22,43,2507,21
Port Loko,154.24122264972118,26.986617247780817,87.22181767777323,0.86,35,102,7786,50
Bo,95.95340506626049,33.778689942901416,77.84309831132039,0.58,18,53,6968,39
Kono,184.6478182214162,32.60654948078982,81.62613780255188,0.49,29,74,9901,45
Kambia,31.81651812991204,34.55448824837798,78.70969933051308,0.15,4,76,9737,17
Kambia,78.18257720352842,29.23348777629529,71.14135128577372,0.19,36,67,11493,20
Port Loko,65.03464194069925,25.09579958677228,75.92729555488745,0.1,2,103,6237,34
Kono,165.92159938109702,24.59484182658934,96.14682282276056,0.58,40,6,4480,43
Kambia,95.51120887459325,30.31594869910019,70.201623074329,0.16,8,43,3709,34
Port Loko,142.04000340528552,25.4005975565908,74.80720860305247,0.17,24,34,9179,44
Kambia,207.79883502885693,33.724345698327554,75.5801333358162,0.14,35,31,2685,48
Western Rural,2.4925191843533923,26.797510731032823,97.98512630523518,0.0,2,57,4291,33
Tonkolili,211.18917363456816,28.84559445213106,88.81861114136196,0.37,18,74,2141,42
Bo,60.60251630004804,27.45234071018953,80.58715302276977,0.26,14,25,8596,9
Western Urban,49.53527999870258,28.750451962345487,78.53002886194875,0.33,23,99,1714,24
Western Rural,18.362803861027317,24.631499484702434,96.37527998085034,0.36,40,84,8925,29
Port Loko,67.62112563553313,32.05257901693522,79.09578559604375,0.48,31,34,6145,34
Port Loko,106.91887569576103,30.23055040180578,62.37078500775778,0.28,30,13,6416,26
Port Loko,167.89478655329987,26.07330384377623,79.79817189562256,0.16,32,54,5170,41
Bombali,123.87066555559983,32.79655925033228,94.46461713513635,0.28,18,87,5003,36
Tonkolili,92.05188153938415,29.072205792102608,52.94414834727037,0.97,0,87,3242,34
Bo,91.82445284868047,30.470802341996706,77.19809447052593,0.65,11,112,7955,33
Bo,220.3822180450876,33.384035218895285,70.43670767694289,0.68,16,3,6986,32
Western Urban,126.58547205210654,29.07191923031715,56.75623847050016,0.83,9,19,5740,23
Western Urban,207.1317724777905,30.737690307186536,81.33903092871581,0.18,11,89,6339,26
Bonthe,133.935396748435,33.163837251988795,97.30295322259836,0.27,35,54,2038,37
Tonkolili,63.782886837664144,27.058538041106633,50.11230406736007,0.39,22,51,7261,24
Bombali,102.5094272774319,33.227256551983324,79.24561538404939,0.12,38,66,11581,38
Tonkolili,6.299417108549949,26.086785388874844,86.7854660535681,0.08,6,76,5422,35
Western Rural,147.04795834986814,25.532312918637576,85.34780261405584,0.32,22,45,5321,37
Kono,76.43420268390157,33.384949097216186,81.8675794604485,0.18,25,86,11349,27
Bonthe,243.74906698012316,26.5841617538113,82.41161298459464,0.76,35,8,5218,37
Western Urban,84.64687561641738,29.955374699791246,91.12983869410519,0.09,38,12,7278,38
Kono,53.88746358900173,31.206938370162003,57.7553247073918,0.85,21,106,5580,42
Kambia,35.9318763722814,27.57644365224769,90.28022246147765,0.1,3,51,2604,23
Bo,201.97303028040454,29.499326324807257,80.27583813314918,0.06,40,83,4050,45
Kono,138.52031699045082,26.74338835893074,56.636520338519325,0.47,1,101,6630,21
Kenema,17.20150012866317,34.58777738958461,61.452588400141835,0.11,17,112,9751,20
Bo,119.32533017454774,29.100821954666046,60.38346804112906,0.83,11,109,5963,32
Western Urban,45.63568744955315,25.360732229678657,51.69922138127946,0.1,22,35,2067,21
Bombali,84.97533607835742,34.7787913169913,81.35134364647399,0.68,16,90,2843,51
Western Rural,80.95071131723189,30.58962180700599,59.08279813068257,0.13,6,97,4324,34
Western Rural,123.88080110971845,30.782226595915024,85.86814925008386,0.22,15,115,8722,44
Kambia,76.72850839028591,27.431668257966564,64.82319868418895,0.95,13,52,6020,18
Western Urban,140.8584524704517,33.96887590439418,83.34377723418193,0.8,13,79,8809,46
Bombali,94.10176042796714,28.598992093096193,57.84007463422794,0.23,5,5,2846,25
Western Urban,191.1732098457321,26.94182288725442,61.767667740396085,0.51,15,15,11473,17
Kenema,151.90438710275896,29.88175619516077,91.65581261273053,0.69,8,10,2866,43
Bonthe,158.27480251559737,30.277537467187415,94.42600861272875,0.8,36,47,3750,51
Bonthe,79.34345610877314,30.262459852062904,75.24656116325306,0.92,14,89,1815,26
Port Loko,103.12601922969303,31.990053651528715,72.10072891245248,0.53,32,62,5609,35
Kambia,50.66535524743826,24.08527453254737,61.70695707537939,0.46,12,65,2041,24
Kambia,186.09850726434033,33.80417770401033,90.33693467406587,0.19,37,5,6064,35
Port Loko,6.7149830457970126,30.707228237160216,63.17379151242275,0.61,4,29,7898,13
Western Urban,8.998789713154126,30.17125296838208,56.9184020965755,0.73,3,26,3070,16
