event_id,event_date,event_start_date,event_end_date,location_name,event_location_name,event_location_type,district,latitude,longitude,source,event_source,source_type,source_url,source_document,source_record_id,evidence_text,confidence,catalog_zone_match,temporal_grain,location_match_status,matched_flood_zone_id,matched_flood_zone_name,location_match_method,centroid_assigned_silently,observation_status,description,corroborating_sources,corroboration_count,weather_join_status,rainfall_prev_24h,rainfall_prev_72h,rainfall_prev_7d,rainfall_prev_14d,event_day_precipitation_mm,event_day_rainfall_24h,lead_time_eligible,in_daily_target
copernicus-emsr222-regent,2017-08-14,2017-08-14,2017-08-15,Regent,Regent,community,western_area_urban,,,copernicus_ems,copernicus_ems,remote_sensing_copernicus,https://emergency.copernicus.eu/EMSR222,"Copernicus EMS Rapid Mapping EMSR222; JRC dataset Mudflow in Freetown, Sierra Leone (2017-08-15), event time 2017-08-14 23:55 UTC",copernicus-emsr222-regent,Mudslide and flooding in the Regent / Sugar Loaf area. Copernicus event time 2017-08-14 23:55 UTC; activation 2017-08-15. Flash floods also reported in other capital-area communities without named day-level lists in this source.,high,zone:regent,day,matched,zone:regent,Regent / Sugar Loaf,exact_community_name,False,observed,Mudslide and flooding in the Regent / Sugar Loaf area. Copernicus event time 2017-08-14 23:55 UTC; activation 2017-08-15. Flash floods also reported in other capital-area communities without named day-level lists in this source.,"[{""event_source"": ""flood_zones_catalog_narrative"", ""source_document"": ""flood_zones.json regent flood_history year 2017"", ""note"": ""Catalog prose also says Aug 14. Year-grain compiled narrative; not an independent NDMA extract.""}]",2,complete,10.3,17.6,93.3,301.3,24.8,24.8,True,True
ifrc-mdrsl013-ons-2022-08-28-kanikay,2022-08-28,2022-08-28,2022-08-28,Kanikay,Kanikay,community,western_area_urban,,,ifrc_dref,ifrc_dref,humanitarian_ifrc,https://reliefweb.int/report/sierra-leone/sierra-leone-flash-floods-and-landslides-operation-update-report-1-dref-ndeg-mdrsl013,IFRC DREF MDRSL013 operation update citing ONS 28 August 2022 update,ifrc-mdrsl013-ons-2022-08-28-kanikay,ONS reported flash floods and landslides affecting Kanikay among seven named Freetown communities on 28 August 2022.,medium,,day,unmatched,,,unmatched_no_centroid,False,observed,ONS reported flash floods and landslides affecting Kanikay among seven named Freetown communities on 28 August 2022.,[],1,unmatched_location_no_centroid_weather,,,,,,,False,True
ifrc-mdrsl013-ons-2022-08-28-culvert,2022-08-28,2022-08-28,2022-08-28,Culvert,Culvert,community,western_area_urban,,,ifrc_dref,ifrc_dref,humanitarian_ifrc,https://reliefweb.int/report/sierra-leone/sierra-leone-flash-floods-and-landslides-operation-update-report-1-dref-ndeg-mdrsl013,IFRC DREF MDRSL013 operation update citing ONS 28 August 2022 update,ifrc-mdrsl013-ons-2022-08-28-culvert,ONS reported flash floods and landslides affecting Culvert on 28 August 2022.,medium,,day,unmatched,,,unmatched_no_centroid,False,observed,ONS reported flash floods and landslides affecting Culvert on 28 August 2022.,[],1,unmatched_location_no_centroid_weather,,,,,,,False,True
ifrc-mdrsl013-ons-2022-08-28-kaningo,2022-08-28,2022-08-28,2022-08-28,Kaningo,Kaningo,community,western_area_urban,,,ifrc_dref,ifrc_dref,humanitarian_ifrc,https://reliefweb.int/report/sierra-leone/sierra-leone-flash-floods-and-landslides-operation-update-report-1-dref-ndeg-mdrsl013,IFRC DREF MDRSL013 operation update citing ONS 28 August 2022 update,ifrc-mdrsl013-ons-2022-08-28-kaningo,ONS reported flash floods and landslides affecting Kaningo on 28 August 2022.,medium,,day,unmatched,,,unmatched_no_centroid,False,observed,ONS reported flash floods and landslides affecting Kaningo on 28 August 2022.,[],1,unmatched_location_no_centroid_weather,,,,,,,False,True
ifrc-mdrsl013-ons-2022-08-28-tengbeh-town,2022-08-28,2022-08-28,2022-08-28,Tengbeh Town,Tengbeh Town,community,western_area_urban,,,ifrc_dref,ifrc_dref,humanitarian_ifrc,https://reliefweb.int/report/sierra-leone/sierra-leone-flash-floods-and-landslides-operation-update-report-1-dref-ndeg-mdrsl013,IFRC DREF MDRSL013 operation update citing ONS 28 August 2022 update,ifrc-mdrsl013-ons-2022-08-28-tengbeh-town,ONS reported flash floods and landslides affecting Tengbeh Town on 28 August 2022.,medium,,day,unmatched,,,unmatched_no_centroid,False,observed,ONS reported flash floods and landslides affecting Tengbeh Town on 28 August 2022.,[],1,unmatched_location_no_centroid_weather,,,,,,,False,True
ifrc-mdrsl013-ons-2022-08-28-looking-town,2022-08-28,2022-08-28,2022-08-28,Looking Town,Looking Town,community,western_area_urban,,,ifrc_dref,ifrc_dref,humanitarian_ifrc,https://reliefweb.int/report/sierra-leone/sierra-leone-flash-floods-and-landslides-operation-update-report-1-dref-ndeg-mdrsl013,IFRC DREF MDRSL013 operation update citing ONS 28 August 2022 update,ifrc-mdrsl013-ons-2022-08-28-looking-town,ONS reported flash floods and landslides affecting Looking Town on 28 August 2022.,medium,,day,unmatched,,,unmatched_no_centroid,False,observed,ONS reported flash floods and landslides affecting Looking Town on 28 August 2022.,[],1,unmatched_location_no_centroid_weather,,,,,,,False,True
ifrc-mdrsl013-ons-2022-08-28-cassava-town,2022-08-28,2022-08-28,2022-08-28,Cassava Town,Cassava Town,community,western_area_urban,,,ifrc_dref,ifrc_dref,humanitarian_ifrc,https://reliefweb.int/report/sierra-leone/sierra-leone-flash-floods-and-landslides-operation-update-report-1-dref-ndeg-mdrsl013,IFRC DREF MDRSL013 operation update citing ONS 28 August 2022 update,ifrc-mdrsl013-ons-2022-08-28-cassava-town,ONS reported flash floods and landslides affecting Cassava Town on 28 August 2022.,medium,,day,unmatched,,,unmatched_no_centroid,False,observed,ONS reported flash floods and landslides affecting Cassava Town on 28 August 2022.,[],1,unmatched_location_no_centroid_weather,,,,,,,False,True
ifrc-mdrsl013-ons-2022-08-28-brooks-field,2022-08-28,2022-08-28,2022-08-28,Brooks Field,Brooks Field,community,western_area_urban,,,ifrc_dref,ifrc_dref,humanitarian_ifrc,https://reliefweb.int/report/sierra-leone/sierra-leone-flash-floods-and-landslides-operation-update-report-1-dref-ndeg-mdrsl013,IFRC DREF MDRSL013 operation update citing ONS 28 August 2022 update,ifrc-mdrsl013-ons-2022-08-28-brooks-field,ONS reported flash floods and landslides affecting Brooks Field on 28 August 2022.,medium,,day,unmatched,,,unmatched_no_centroid,False,observed,ONS reported flash floods and landslides affecting Brooks Field on 28 August 2022.,[],1,unmatched_location_no_centroid_weather,,,,,,,False,True
ndma-bonthe-2022-09-03,2022-09-03,2022-09-03,2022-09-05,"Bonthe District (Kwamebai Krim, Nongoba Bullom, Gbap, Yawbeko, Sogbini chiefdoms)","Bonthe District (Kwamebai Krim, Nongoba Bullom, Gbap, Yawbeko, Sogbini chiefdoms)",district,bonthe,,,ndma_assessment,ndma_assessment,government_ndma,https://ndma.gov.sl/2022/09/20/ndma-responds-to-bonthe-district-flood-victims-assesses-impact-on-livelihoods-and-infrastructure/,NDMA public assessment: Bonthe District floods 3–5 September 2022,ndma-bonthe-2022-09-03,"NDMA: 3–5 September 2022 torrential rain flooded many villages in five named chiefdoms. Relief cited 3,984 people. Named villages were not listed. Not exploded into invented community-day rows.",high,,day,unmatched,,,unmatched_no_centroid,False,observed,"NDMA: 3–5 September 2022 torrential rain flooded many villages in five named chiefdoms. Relief cited 3,984 people. Named villages were not listed. Not exploded into invented community-day rows.",[],1,unmatched_location_no_centroid_weather,,,,,,,False,True
ndma-delken-2023-09-01,2023-09-01,2023-09-01,2023-09-01,Delken Village,Delken Village,community,bonthe,,,ndma_assessment,ndma_assessment,government_ndma,https://ndma.gov.sl/2023/09/15/3818-draunc/,NDMA: Delken Village Floods assessment (published 15 Sep 2023),ndma-delken-2023-09-01,"NDMA: floods destroyed houses and livelihoods at Delken Village, Sittia Chiefdom, Bonthe District on 1 September 2023. 96 households / 724 people affected; 16 houses destroyed, 34 partially damaged. No death reported. Coordinates not published.",high,,day,unmatched,,,unmatched_no_centroid,False,observed,"NDMA: floods destroyed houses and livelihoods at Delken Village, Sittia Chiefdom, Bonthe District on 1 September 2023. 96 households / 724 people affected; 16 houses destroyed, 34 partially damaged. No death reported. Coordinates not published.",[],1,unmatched_location_no_centroid_weather,,,,,,,False,True
ifrc-mdrsl016-bumbuna-2024-09-23,2024-09-23,2024-09-23,2024-09-23,Bumbuna,Bumbuna,community,tonkolili,,,ifrc_dref,ifrc_dref,humanitarian_ifrc,https://reliefweb.int/report/sierra-leone/sierra-leone-floods-2024-dref-final-report-mdrsl016,IFRC DREF Final Report MDRSL016 (date of event 23 Sep 2024),ifrc-mdrsl016-bumbuna-2024-09-23,"IFRC: on 23 September 2024 overflow of the Bumbuna Dam caused severe flooding in downstream communities; 716 people displaced. NDMA nationwide note the same day lists Tonkolili chiefdoms Dansogoia and Kalantuba, not Bumbuna by name — discrepancy flagged, original IFRC wording preserved.",medium,zone:bumbuna,day,matched,zone:bumbuna,Bumbuna (dam buffer),verified_alternative_name,False,observed,"IFRC: on 23 September 2024 overflow of the Bumbuna Dam caused severe flooding in downstream communities; 716 people displaced. NDMA nationwide note the same day lists Tonkolili chiefdoms Dansogoia and Kalantuba, not Bumbuna by name — discrepancy flagged, original IFRC wording preserved.","[{""event_source"": ""ndma_assessment"", ""source_url"": ""https://ndma.gov.sl/2024/09/24/4259-zsqong/"", ""source_document"": ""NDMA nationwide flood assessment 23 Sep 2024"", ""note"": ""Confirms Tonkolili flooding in the same period. Does not name Bumbuna Dam overflow. Date/place discrepancy flagged, not overwritten.""}]",2,complete,8.4,40.9,82.4,308.5,24.7,24.7,True,True
ifrc-mdrsl006-kpahn-2015-09-05,2015-09-05,2015-09-05,2015-09-06,Kpahn,Kpahn,community,bo,,,ifrc_dref,ifrc_dref,humanitarian_ifrc,https://reliefweb.int/attachments/f92aae2b-7fa9-355e-abbe-3a6a22144b4f/MDRSL006.pdf,IFRC DREF MDRSL006 EPoA; date of disaster 5-6 September 2015,ifrc-mdrsl006-kpahn-2015-09-05,Sustained heavy downpour of rain from the 5 to the 6 September 2015 (48 hours) burst river banks and caused destruction in eight communities in Bo. SLRCS staff and volunteers based in Bo District have already started evacuating families affected by the floods from Kpahn community to Falah community.,high,,day,unmatched,,,unmatched_no_centroid,False,observed,IFRC MDRSL006: sustained rain from 5-6 September 2015 (48 hours) burst river banks and caused destruction in eight communities in Bo District. SLRCS evacuated families from Kpahn community to Falah community. Other seven Bo communities were not named. Coordinates not published.,[],1,unmatched_location_no_centroid_weather,,,,,,,False,True
ifrc-mdrsl006-pujehun-2015-09-05,2015-09-05,2015-09-05,2015-09-06,Pujehun District (two unnamed communities in one chiefdom),Pujehun District (two unnamed communities in one chiefdom),district,pujehun,,,ifrc_dref,ifrc_dref,humanitarian_ifrc,https://reliefweb.int/attachments/f92aae2b-7fa9-355e-abbe-3a6a22144b4f/MDRSL006.pdf,IFRC DREF MDRSL006 EPoA; date of disaster 5-6 September 2015,ifrc-mdrsl006-pujehun-2015-09-05,Sustained heavy downpour of rain from the 5 to the 6 September 2015 (48 hours) burst river banks and caused destruction in eight communities in Bo and two in one Chiefdom in Pujehun District. Pujehun District has 272 persons affected by floods with 41 household heads affected losing 16 houses.,medium,,day,unmatched,,,unmatched_no_centroid,False,observed,IFRC MDRSL006: the 5-6 September 2015 rains caused destruction in two communities in one chiefdom in Pujehun District (272 people / 41 households / 16 houses). Community names were not published. Not exploded into invented settlement rows. Not matched to Pujehun Town.,[],1,unmatched_location_no_centroid_weather,,,,,,,False,True
copernicus-emsr222-lumley,2017-08-14,2017-08-14,2017-08-15,Lumley,Lumley,community,western_area_urban,,,copernicus_ems,copernicus_ems,remote_sensing_copernicus,https://emergency.copernicus.eu/EMSR222,"Copernicus EMSR222 / UN-SPIDER: Freetown mudflow and floods, event time 2017-08-14",copernicus-emsr222-lumley,"Heavy rainfall caused deadly flooding and mudslides in and around Freetown. The worst hit areas reportedly are the coastal suburb of Racecourse as well as Lumley and Regent on the outskirts of Freetown, where a hillside collapsed on Monday morning (14 August 2017).",high,zone:lumley,day,matched,zone:lumley,Lumley Beach front,verified_alternative_name,False,observed,UN-SPIDER and Copernicus EMSR222 identify Lumley among the worst-hit Freetown areas on 14 August 2017 alongside Regent. Flash floods also reported in other unnamed capital-area communities; those unnamed places are not invented as extra events.,"[{""event_source"": ""un_spider"", ""source_type"": ""humanitarian_un"", ""source_url"": ""https://www.un-spider.org/advisory-support/emergency-support/11065/sierra-leone-floods-and-landslides"", ""source_document"": ""UN-SPIDER: Sierra Leone floods and landslides, 15 Aug 2017""}]",2,complete,15.3,20.8,60.7,271.4,16.8,16.8,True,True
unspider-2017-08-14-racecourse,2017-08-14,2017-08-14,2017-08-15,Racecourse,Racecourse,community,western_area_urban,,,un_spider,un_spider,humanitarian_un,https://www.un-spider.org/advisory-support/emergency-support/11065/sierra-leone-floods-and-landslides,"UN-SPIDER: Sierra Leone floods and landslides, 15 Aug 2017",unspider-2017-08-14-racecourse,The worst hit areas reportedly are the coastal suburb of Racecourse as well as in Lumley and Regent on the outskirts of Freetown.,medium,,day,unmatched,,,unmatched_no_centroid,False,observed,UN-SPIDER names Racecourse as a worst-hit coastal suburb during the 14 August 2017 Freetown floods and mudslides. Coordinates not published. Not matched to a catalog flood zone.,"[{""event_source"": ""copernicus_ems"", ""source_type"": ""remote_sensing_copernicus"", ""source_url"": ""https://emergency.copernicus.eu/EMSR222"", ""source_document"": ""Copernicus EMSR222 event time 2017-08-14 23:55 UTC"", ""note"": ""Confirms the dated Freetown activation; does not itself name Racecourse.""}]",2,unmatched_location_no_centroid_weather,,,,,,,False,True
ifrc-mdrsl008-2019-08-01-kroobay,2019-08-01,2019-08-01,2019-08-02,Kroobay,Kroobay,community,western_area_urban,,,ifrc_dref,ifrc_dref,humanitarian_ifrc,https://reliefweb.int/report/sierra-leone/sierra-leone-floods-emergency-plan-action-epoa-dref-n-mdrsl008-psl049,IFRC DREF MDRSL008 EPoA citing ONS rapid needs assessment; disaster 1-2 August 2019,ifrc-mdrsl008-2019-08-01-kroobay,"The floods and landslides were triggered by a heavy and continuous downpour on 1st August 2019 from 10:00pm until the next morning on 2nd August 2019. Targeted communities include Kroobay, Kamayama, Kaningo, Bathurst, Berwick section, Culvert, Mabela, Dodo, Ogu Farm and Clinetown.",high,zone:kroo_bay,day,matched,zone:kroo_bay,Kroo Bay,verified_alternative_name,False,observed,"ONS/IFRC: overnight rain from 1 August 2019 22:00 until the morning of 2 August caused flooding in Kroobay, one of ten named Freetown communities in MDRSL008.",[],1,complete,28.0,91.69999999999999,189.8,356.3,7.2,7.2,True,True
ifrc-mdrsl008-2019-08-01-kamayama,2019-08-01,2019-08-01,2019-08-02,Kamayama,Kamayama,community,western_area_urban,,,ifrc_dref,ifrc_dref,humanitarian_ifrc,https://reliefweb.int/report/sierra-leone/sierra-leone-floods-emergency-plan-action-epoa-dref-n-mdrsl008-psl049,IFRC DREF MDRSL008 EPoA citing ONS rapid needs assessment; disaster 1-2 August 2019,ifrc-mdrsl008-2019-08-01-kamayama,Volunteers supported population by carrying on their bare backs a total of 40 people to cross the cut-off communities to main land in Kaningo and Kamayama. Targeted communities include Kamayama.,high,,day,unmatched,,,unmatched_no_centroid,False,observed,ONS/IFRC: Kamayama flooded during the 1-2 August 2019 overnight downpour. Volunteers helped people cross cut-off communities to mainland in Kaningo and Kamayama.,[],1,unmatched_location_no_centroid_weather,,,,,,,False,True
ifrc-mdrsl008-2019-08-01-kaningo,2019-08-01,2019-08-01,2019-08-02,Kaningo,Kaningo,community,western_area_urban,,,ifrc_dref,ifrc_dref,humanitarian_ifrc,https://reliefweb.int/report/sierra-leone/sierra-leone-floods-emergency-plan-action-epoa-dref-n-mdrsl008-psl049,IFRC DREF MDRSL008 EPoA citing ONS rapid needs assessment; disaster 1-2 August 2019,ifrc-mdrsl008-2019-08-01-kaningo,"Targeted communities include Kroobay, Kamayama, Kaningo, Bathurst, Berwick section, Culvert, Mabela, Dodo, Ogu Farm and Clinetown.",high,,day,unmatched,,,unmatched_no_centroid,False,observed,ONS/IFRC: Kaningo flooded during the 1-2 August 2019 overnight downpour.,[],1,unmatched_location_no_centroid_weather,,,,,,,False,True
ifrc-mdrsl008-2019-08-01-bathurst,2019-08-01,2019-08-01,2019-08-02,Bathurst,Bathurst,community,western_area_urban,,,ifrc_dref,ifrc_dref,humanitarian_ifrc,https://reliefweb.int/report/sierra-leone/sierra-leone-floods-emergency-plan-action-epoa-dref-n-mdrsl008-psl049,IFRC DREF MDRSL008 EPoA citing ONS rapid needs assessment; disaster 1-2 August 2019,ifrc-mdrsl008-2019-08-01-bathurst,"Persons affected were moved from their flooded homes in Moiba, Bathurst and Culvert communities to safer areas within the city.",high,,day,unmatched,,,unmatched_no_centroid,False,observed,"ONS/IFRC: people were moved from flooded homes in Moiba, Bathurst and Culvert during the 1-2 August 2019 floods.",[],1,unmatched_location_no_centroid_weather,,,,,,,False,True
ifrc-mdrsl008-2019-08-01-berwick-section,2019-08-01,2019-08-01,2019-08-02,Berwick Section,Berwick Section,community,western_area_urban,,,ifrc_dref,ifrc_dref,humanitarian_ifrc,https://reliefweb.int/report/sierra-leone/sierra-leone-floods-emergency-plan-action-epoa-dref-n-mdrsl008-psl049,IFRC DREF MDRSL008 EPoA citing ONS rapid needs assessment; disaster 1-2 August 2019,ifrc-mdrsl008-2019-08-01-berwick-section,"Ten communities in Freetown including Kroobay, Kamayama, Kaningo, Barthurst, Berwick section, Culvert, Mabela, Dodo, Ogu Farm and Clinetown.",medium,,day,unmatched,,,unmatched_no_centroid,False,observed,ONS/IFRC: Berwick Section is one of ten named Freetown communities targeted after the 1-2 August 2019 floods.,[],1,unmatched_location_no_centroid_weather,,,,,,,False,True
ifrc-mdrsl008-2019-08-01-culvert,2019-08-01,2019-08-01,2019-08-02,Culvert,Culvert,community,western_area_urban,,,ifrc_dref,ifrc_dref,humanitarian_ifrc,https://reliefweb.int/report/sierra-leone/sierra-leone-floods-emergency-plan-action-epoa-dref-n-mdrsl008-psl049,IFRC DREF MDRSL008 EPoA citing ONS rapid needs assessment; disaster 1-2 August 2019,ifrc-mdrsl008-2019-08-01-culvert,"Persons affected were moved from their flooded homes in Moiba, Bathurst and Culvert communities to safer areas within the city.",high,,day,unmatched,,,unmatched_no_centroid,False,observed,ONS/IFRC: Culvert homes were flooded during the 1-2 August 2019 overnight downpour.,[],1,unmatched_location_no_centroid_weather,,,,,,,False,True
ifrc-mdrsl008-2019-08-01-mabela,2019-08-01,2019-08-01,2019-08-02,Mabela,Mabela,community,western_area_urban,,,ifrc_dref,ifrc_dref,humanitarian_ifrc,https://reliefweb.int/report/sierra-leone/sierra-leone-floods-emergency-plan-action-epoa-dref-n-mdrsl008-psl049,IFRC DREF MDRSL008 EPoA citing ONS rapid needs assessment; disaster 1-2 August 2019,ifrc-mdrsl008-2019-08-01-mabela,"Ten communities in the city of Freetown including Kroobay, Kamayama, Kaningo, Barthurst, Berwick section, Culvert, Mabela, Dodo, Ogu Farm and Clinetown communities.",high,zone:mabella,day,matched,zone:mabella,Mabella,verified_alternative_name,False,observed,ONS/IFRC: Mabela is one of ten named Freetown communities affected by the 1-2 August 2019 floods.,[],1,complete,28.0,91.69999999999999,189.8,356.3,7.2,7.2,True,True
ifrc-mdrsl008-2019-08-01-dodo,2019-08-01,2019-08-01,2019-08-02,Dodo,Dodo,community,western_area_urban,,,ifrc_dref,ifrc_dref,humanitarian_ifrc,https://reliefweb.int/report/sierra-leone/sierra-leone-floods-emergency-plan-action-epoa-dref-n-mdrsl008-psl049,IFRC DREF MDRSL008 EPoA citing ONS rapid needs assessment; disaster 1-2 August 2019,ifrc-mdrsl008-2019-08-01-dodo,Some communities (e.g. Dodo in the western part of Freetown) have been reported to be cut-off. Dodo is among the ten named affected communities.,high,,day,unmatched,,,unmatched_no_centroid,False,observed,ONS/IFRC: Dodo in western Freetown was reported cut-off during the 1-2 August 2019 floods.,[],1,unmatched_location_no_centroid_weather,,,,,,,False,True
ifrc-mdrsl008-2019-08-01-ogu-farm,2019-08-01,2019-08-01,2019-08-02,Ogu Farm,Ogu Farm,community,western_area_urban,,,ifrc_dref,ifrc_dref,humanitarian_ifrc,https://reliefweb.int/report/sierra-leone/sierra-leone-floods-emergency-plan-action-epoa-dref-n-mdrsl008-psl049,IFRC DREF MDRSL008 EPoA citing ONS rapid needs assessment; disaster 1-2 August 2019,ifrc-mdrsl008-2019-08-01-ogu-farm,"Ten communities in the city of Freetown including Kroobay, Kamayama, Kaningo, Barthurst, Berwick section, Culvert, Mabela, Dodo, Ogu Farm and Clinetown communities.",medium,,day,unmatched,,,unmatched_no_centroid,False,observed,ONS/IFRC: Ogu Farm is one of ten named Freetown communities affected by the 1-2 August 2019 floods.,[],1,unmatched_location_no_centroid_weather,,,,,,,False,True
ifrc-mdrsl008-2019-08-01-clinetown,2019-08-01,2019-08-01,2019-08-02,Clinetown,Clinetown,community,western_area_urban,,,ifrc_dref,ifrc_dref,humanitarian_ifrc,https://reliefweb.int/report/sierra-leone/sierra-leone-floods-emergency-plan-action-epoa-dref-n-mdrsl008-psl049,IFRC DREF MDRSL008 EPoA citing ONS rapid needs assessment; disaster 1-2 August 2019,ifrc-mdrsl008-2019-08-01-clinetown,"Ten communities in the city of Freetown including Kroobay, Kamayama, Kaningo, Barthurst, Berwick section, Culvert, Mabela, Dodo, Ogu Farm and Clinetown communities.",medium,,day,unmatched,,,unmatched_no_centroid,False,observed,ONS/IFRC: Clinetown is one of ten named Freetown communities affected by the 1-2 August 2019 floods.,[],1,unmatched_location_no_centroid_weather,,,,,,,False,True
ifrc-mdrsl008-2019-08-01-moiba,2019-08-01,2019-08-01,2019-08-02,Moiba,Moiba,community,western_area_urban,,,ifrc_dref,ifrc_dref,humanitarian_ifrc,https://reliefweb.int/report/sierra-leone/sierra-leone-floods-emergency-plan-action-epoa-dref-n-mdrsl008-psl049,IFRC DREF MDRSL008 EPoA citing ONS rapid needs assessment; disaster 1-2 August 2019,ifrc-mdrsl008-2019-08-01-moiba,"Persons affected were moved from their flooded homes in Moiba, Bathurst and Culvert communities to safer areas within the city.",high,,day,unmatched,,,unmatched_no_centroid,False,observed,ONS/IFRC: people were moved from flooded homes in Moiba during the 1-2 August 2019 floods.,[],1,unmatched_location_no_centroid_weather,,,,,,,False,True
ifrc-mdrsl008-2019-08-06-tombo,2019-08-06,2019-08-06,2019-08-06,Tombo,Tombo,community,western_area_rural,,,ifrc_dref,ifrc_dref,humanitarian_ifrc,https://reliefweb.int/report/sierra-leone/sierra-leone-floods-emergency-plan-action-epoa-dref-n-mdrsl008-psl049,IFRC DREF MDRSL008 EPoA; Tombo dated 6 August 2019,ifrc-mdrsl008-2019-08-06-tombo,These volunteers have also been providing psychosocial support to affected households in Tombo community on 06 August.,medium,,day,unmatched,,,unmatched_no_centroid,False,observed,"IFRC MDRSL008 separately dates volunteer support in Tombo community on 6 August 2019, distinct from the 1-2 August Freetown overnight floods.",[],1,unmatched_location_no_centroid_weather,,,,,,,False,True
ifrc-mdrsl013-2022-08-28-kroobay,2022-08-28,2022-08-28,2022-08-28,Kroobay,Kroobay,community,western_area_urban,,,ifrc_dref,ifrc_dref,humanitarian_ifrc,https://reliefweb.int/report/sierra-leone/sierra-leone-flash-floods-and-landslides-operation-update-report-1-dref-ndeg-mdrsl013,IFRC DREF MDRSL013 EPoA: 28 August 2022 Freetown flash floods; Kroobay listed among affected neighbourhoods,ifrc-mdrsl013-2022-08-28-kroobay,"Following the 28 August flash floods, IFRC/SLRCS targeted Kroobay among affected Freetown neighbourhoods. The final report records affected households in Kroobay.",medium,zone:kroo_bay,day,matched,zone:kroo_bay,Kroo Bay,verified_alternative_name,False,observed,IFRC MDRSL013 ties Kroobay to the 28 August 2022 Freetown flash floods. Kroobay was not in the original ONS seven-name 28 August list; it is named in the EPoA targeting and impact tables for that event.,[],1,complete,65.1,84.39999999999999,182.59999999999997,492.29999999999995,115.0,115.0,True,True
ifrc-mdrsl013-2022-08-28-kamayama,2022-08-28,2022-08-28,2022-08-28,Kamayama,Kamayama,community,western_area_urban,,,ifrc_dref,ifrc_dref,humanitarian_ifrc,https://adore.ifrc.org/Download.aspx?FileId=575545,IFRC DREF MDRSL013 EPoA: 28 August 2022 Freetown flash floods,ifrc-mdrsl013-2022-08-28-kamayama,"Provinces/areas targeted after the 28 August 2022 floods include Kamayama, Tengbeh town, Kaningo, Kroobay, Wellington, Colleh town, Culvert, Mount Aurel, Looking town and Lumley.",medium,,day,unmatched,,,unmatched_no_centroid,False,observed,IFRC MDRSL013 names Kamayama among neighbourhoods affected by the 28 August 2022 Freetown flash floods.,[],1,unmatched_location_no_centroid_weather,,,,,,,False,True
ndma-2022-08-28-wellington-water-street,2022-08-28,2022-08-28,2022-08-28,Wellington,Wellington,community,western_area_urban,,,ndma_assessment,ndma_assessment,government_ndma,https://ndma.gov.sl/2022/10/24/freetown-flood-mitigation-ndma-partners-embark-on-cleaning-of-major-drainages-engage-stakeholders-in-prone-communities/,"NDMA: Freetown flood mitigation note, 24 Oct 2022, citing 28 August floods at Water Street, Wellington",ndma-2022-08-28-wellington-water-street,"The team started with Water Street, Wellington in the East End of Freetown, where a major waterway that usually gets flooded within the community was cleared. During the August 28th floods in Freetown, Water Street was amongst the hardest hit.",high,zone:wellington,day,matched,zone:wellington,Wellington,exact_community_name,False,observed,"NDMA: during the 28 August 2022 floods in Freetown, Water Street in Wellington was among the hardest hit. Same dated Wellington observation as IFRC MDRSL013; must merge, not double-count. | Corroboration: IFRC MDRSL013 names Wellington among neighbourhoods affected by the 28 August 2022 Freetown flash floods.","[{""event_source"": ""ifrc_dref"", ""source_type"": ""humanitarian_ifrc"", ""source_url"": ""https://adore.ifrc.org/Download.aspx?FileId=575545"", ""source_document"": ""IFRC DREF MDRSL013 EPoA: 28 August 2022 Freetown flash floods"", ""source_record_id"": ""ifrc-mdrsl013-2022-08-28-wellington"", ""note"": ""Merged as the same dated location; not a second flood.""}]",2,complete,65.1,84.39999999999999,182.59999999999997,492.29999999999995,115.0,115.0,True,True
ifrc-mdrsl013-2022-08-28-colleh-town,2022-08-28,2022-08-28,2022-08-28,Colleh Town,Colleh Town,community,western_area_urban,,,ifrc_dref,ifrc_dref,humanitarian_ifrc,https://adore.ifrc.org/Download.aspx?FileId=575545,IFRC DREF MDRSL013 EPoA: 28 August 2022 Freetown flash floods,ifrc-mdrsl013-2022-08-28-colleh-town,"Households were affected in Colleh town (60% female-headed). Communal latrines were disinfected in Culvert, Kolleh community, and Kroobay.",medium,,day,unmatched,,,unmatched_no_centroid,False,observed,IFRC MDRSL013 names Colleh Town / Kolleh community among neighbourhoods affected by the 28 August 2022 Freetown flash floods.,[],1,unmatched_location_no_centroid_weather,,,,,,,False,True
ifrc-mdrsl013-2022-08-28-lumley,2022-08-28,2022-08-28,2022-08-28,Lumley,Lumley,community,western_area_urban,,,ifrc_dref,ifrc_dref,humanitarian_ifrc,https://adore.ifrc.org/Download.aspx?FileId=575545,IFRC DREF MDRSL013 EPoA: 28 August 2022 Freetown flash floods,ifrc-mdrsl013-2022-08-28-lumley,"Targeted communities after the 28 August 2022 floods include Lumley. The final report lists Amadu Lane, Lumley among affected household locations.",medium,zone:lumley,day,matched,zone:lumley,Lumley Beach front,verified_alternative_name,False,observed,"IFRC MDRSL013 names Lumley among neighbourhoods affected by the 28 August 2022 Freetown flash floods, including Amadu Lane, Lumley.",[],1,complete,65.1,84.39999999999999,182.59999999999997,492.29999999999995,115.0,115.0,True,True
ifrc-mdrsl013-2022-08-28-mount-aurel,2022-08-28,2022-08-28,2022-08-28,Mount Aurel,Mount Aurel,community,western_area_urban,,,ifrc_dref,ifrc_dref,humanitarian_ifrc,https://adore.ifrc.org/Download.aspx?FileId=575545,IFRC DREF MDRSL013 EPoA: 28 August 2022 Freetown flash floods,ifrc-mdrsl013-2022-08-28-mount-aurel,More men have been affected in Mount Auorel (80%). Mount Aurel is listed among targeted communities after the 28 August 2022 floods.,medium,,day,unmatched,,,unmatched_no_centroid,False,observed,IFRC MDRSL013 names Mount Aurel (Mount Auorel) among neighbourhoods affected by the 28 August 2022 Freetown flash floods.,[],1,unmatched_location_no_centroid_weather,,,,,,,False,True
ndma-freetown-2024-10-24-texaco-old-road,2024-10-24,2024-10-24,2024-10-24,Texaco Old Road,Texaco Old Road,community,western_area_urban,,,ndma_assessment,ndma_assessment,government_ndma,https://ndma.gov.sl/2024/10/30/4335-pehymh/,"NDMA: Severe Flooding in Freetown, published 30 Oct 2024, event 24 Oct 2024",ndma-freetown-2024-10-24-texaco-old-road,"On Thursday, October 24, Freetown was struck by intense rainfall, resulting in severe flooding. The team's first assessment took place at Texaco Old Road, where the SDA Church and school compound suffered extensive flooding.",high,,day,unmatched,,,unmatched_no_centroid,False,observed,"NDMA: on Thursday 24 October 2024 intense rainfall flooded the SDA Church and school compound at Texaco Old Road, Freetown. Coordinates not published.",[],1,unmatched_location_no_centroid_weather,,,,,,,False,True
ndma-freetown-2024-10-24-lower-kuntolor,2024-10-24,2024-10-24,2024-10-24,Lower Kuntolor,Lower Kuntolor,community,western_area_urban,,,ndma_assessment,ndma_assessment,government_ndma,https://ndma.gov.sl/2024/10/30/4335-pehymh/,"NDMA: Severe Flooding in Freetown, published 30 Oct 2024, event 24 Oct 2024",ndma-freetown-2024-10-24-lower-kuntolor,"The NDMA team then proceeded to Lower Kuntolor, where eight mud-brick homes were destroyed by floodwaters from uncontrolled hillside waterways. More than 150 people across 30 households were displaced.",high,,day,unmatched,,,unmatched_no_centroid,False,observed,NDMA: on 24 October 2024 floodwaters destroyed eight mud-brick homes in Lower Kuntolor; more than 150 people across 30 households displaced. Coordinates not published.,[],1,unmatched_location_no_centroid_weather,,,,,,,False,True
ndma-freetown-2024-10-24-upper-melon-street,2024-10-24,2024-10-24,2024-10-24,Upper Melon Street,Upper Melon Street,community,western_area_urban,,,ndma_assessment,ndma_assessment,government_ndma,https://ndma.gov.sl/2024/10/30/4335-pehymh/,"NDMA: Severe Flooding in Freetown, published 30 Oct 2024, event 24 Oct 2024",ndma-freetown-2024-10-24-upper-melon-street,"At Upper Melon Street, Old Road, another severe incident unfolded when a perimeter fence collapsed under the force of floodwaters, sweeping away two adult men.",high,,day,unmatched,,,unmatched_no_centroid,False,observed,"NDMA: on 24 October 2024 a perimeter fence collapsed under floodwaters at Upper Melon Street, Old Road; one adult died and one remained missing at the time of the report. Coordinates not published.",[],1,unmatched_location_no_centroid_weather,,,,,,,False,True
ifrc-mdrsl019-2025-08-31-bonthe,2025-08-31,2025-08-31,2025-09-05,Bonthe District (unnamed communities in 2025 DREF),Bonthe District (unnamed communities in 2025 DREF),district,bonthe,,,ifrc_dref,ifrc_dref,humanitarian_ifrc,https://reliefweb.int/report/sierra-leone/sierra-leone-floods-2025-dref-operation-mdrsl019,IFRC DREF MDRSL019; GLIDE FL-2025-000169-SLE; 31 August-5 September 2025,ifrc-mdrsl019-2025-08-31-bonthe,"Between 31 August and 5 September 2025, Sierra Leone experienced devastating flash floods across 17 communities in seven districts including Bonthe, Kenema, Bo, Moyamba, Kono, Falaba, and Koinadugu.",medium,,day,unmatched,,,unmatched_no_centroid,False,observed,"IFRC MDRSL019: flash floods between 31 August and 5 September 2025 across 17 unnamed communities in seven named districts, including Bonthe. Settlement names were not published. Not exploded into 17 invented community rows. Not matched to Bonthe Island.",[],1,unmatched_location_no_centroid_weather,,,,,,,False,True
ifrc-mdrsl019-2025-08-31-kenema,2025-08-31,2025-08-31,2025-09-05,Kenema District (unnamed communities in 2025 DREF),Kenema District (unnamed communities in 2025 DREF),district,kenema,,,ifrc_dref,ifrc_dref,humanitarian_ifrc,https://reliefweb.int/report/sierra-leone/sierra-leone-floods-2025-dref-operation-mdrsl019,IFRC DREF MDRSL019; 31 August-5 September 2025,ifrc-mdrsl019-2025-08-31-kenema,"Flash floods across 17 communities in seven districts including Bonthe, Kenema, Bo, Moyamba, Kono, Falaba, and Koinadugu.",medium,,day,unmatched,,,unmatched_no_centroid,False,observed,IFRC MDRSL019 names Kenema among seven districts affected 31 August-5 September 2025. Communities unnamed. Not matched to Kenema Town.,[],1,unmatched_location_no_centroid_weather,,,,,,,False,True
ifrc-mdrsl019-2025-08-31-bo,2025-08-31,2025-08-31,2025-09-05,Bo District (unnamed communities in 2025 DREF),Bo District (unnamed communities in 2025 DREF),district,bo,,,ifrc_dref,ifrc_dref,humanitarian_ifrc,https://reliefweb.int/report/sierra-leone/sierra-leone-floods-2025-dref-operation-mdrsl019,IFRC DREF MDRSL019; 31 August-5 September 2025,ifrc-mdrsl019-2025-08-31-bo,"Flash floods across 17 communities in seven districts including Bonthe, Kenema, Bo, Moyamba, Kono, Falaba, and Koinadugu.",medium,,day,unmatched,,,unmatched_no_centroid,False,observed,IFRC MDRSL019 names Bo among seven districts affected 31 August-5 September 2025. Communities unnamed. Not matched to Bo Town.,[],1,unmatched_location_no_centroid_weather,,,,,,,False,True
ifrc-mdrsl019-2025-08-31-moyamba,2025-08-31,2025-08-31,2025-09-05,Moyamba District (unnamed communities in 2025 DREF),Moyamba District (unnamed communities in 2025 DREF),district,moyamba,,,ifrc_dref,ifrc_dref,humanitarian_ifrc,https://reliefweb.int/report/sierra-leone/sierra-leone-floods-2025-dref-operation-mdrsl019,IFRC DREF MDRSL019; 31 August-5 September 2025,ifrc-mdrsl019-2025-08-31-moyamba,"Flash floods across 17 communities in seven districts including Bonthe, Kenema, Bo, Moyamba, Kono, Falaba, and Koinadugu.",medium,,day,unmatched,,,unmatched_no_centroid,False,observed,IFRC MDRSL019 names Moyamba among seven districts affected 31 August-5 September 2025. Communities unnamed. Not matched to Shenge.,[],1,unmatched_location_no_centroid_weather,,,,,,,False,True
ifrc-mdrsl019-2025-08-31-kono,2025-08-31,2025-08-31,2025-09-05,Kono District (unnamed communities in 2025 DREF),Kono District (unnamed communities in 2025 DREF),district,kono,,,ifrc_dref,ifrc_dref,humanitarian_ifrc,https://reliefweb.int/report/sierra-leone/sierra-leone-floods-2025-dref-operation-mdrsl019,IFRC DREF MDRSL019; 31 August-5 September 2025,ifrc-mdrsl019-2025-08-31-kono,"Flash floods across 17 communities in seven districts including Bonthe, Kenema, Bo, Moyamba, Kono, Falaba, and Koinadugu.",medium,,day,unmatched,,,unmatched_no_centroid,False,observed,IFRC MDRSL019 names Kono among seven districts affected 31 August-5 September 2025. Communities unnamed.,[],1,unmatched_location_no_centroid_weather,,,,,,,False,True
ifrc-mdrsl019-2025-08-31-falaba,2025-08-31,2025-08-31,2025-09-05,Falaba District (unnamed communities in 2025 DREF),Falaba District (unnamed communities in 2025 DREF),district,falaba,,,ifrc_dref,ifrc_dref,humanitarian_ifrc,https://reliefweb.int/report/sierra-leone/sierra-leone-floods-2025-dref-operation-mdrsl019,IFRC DREF MDRSL019; 31 August-5 September 2025,ifrc-mdrsl019-2025-08-31-falaba,"Flash floods across 17 communities in seven districts including Bonthe, Kenema, Bo, Moyamba, Kono, Falaba, and Koinadugu.",medium,,day,unmatched,,,unmatched_no_centroid,False,observed,IFRC MDRSL019 names Falaba among seven districts affected 31 August-5 September 2025. Communities unnamed.,[],1,unmatched_location_no_centroid_weather,,,,,,,False,True
ifrc-mdrsl019-2025-08-31-koinadugu,2025-08-31,2025-08-31,2025-09-05,Koinadugu District (unnamed communities in 2025 DREF),Koinadugu District (unnamed communities in 2025 DREF),district,koinadugu,,,ifrc_dref,ifrc_dref,humanitarian_ifrc,https://reliefweb.int/report/sierra-leone/sierra-leone-floods-2025-dref-operation-mdrsl019,IFRC DREF MDRSL019; 31 August-5 September 2025,ifrc-mdrsl019-2025-08-31-koinadugu,"Flash floods across 17 communities in seven districts including Bonthe, Kenema, Bo, Moyamba, Kono, Falaba, and Koinadugu.",medium,,day,unmatched,,,unmatched_no_centroid,False,observed,IFRC MDRSL019 names Koinadugu among seven districts affected 31 August-5 September 2025. Communities unnamed.,[],1,unmatched_location_no_centroid_weather,,,,,,,False,True
